NUTS;DISTRICT_CODE;SUB_DISTRICT_CODE;REF_YEAR;REF_DATE;GROSSINCOME_TOTAL;GROSSINCOME_MEN;GROSSINCOME_WOMEN;AVERAGE_GROSSINCOME_TOTAL;AVERAGE_GROSSINCOME_MEN;AVERAGE_GROSSINCOME_WOMEN;AVERAGE_NETINCOME_TOTAL;AVERAGE_NETINCOME_MEN;AVERAGE_NETINCOME_WOMEN;AVERAGE_NETINCOME_FULLTIME_WHOLEYEAR_TOTAL;AVERAGE_NETINCOME_FULLTIME_WHOLEYEAR_MEN;AVERAGE_NETINCOME_FULLTIME_WHOLEYEAR_WOMEN
AT13;90100;90100;2002;20021231;292.103.000;194.301.000;97.802.000;;;;25.463;31.961;18.536;34.506;42.806;24.963
AT13;90200;90200;2002;20021231;919.962.000;559.682.000;360.280.000;;;;16.439;18.301;14.282;22.015;24.312;19.067
AT13;90300;90300;2002;20021231;1.011.882.000;608.994.000;402.888.000;;;;18.701;21.444;15.804;24.617;27.968;20.739
AT13;90400;90400;2002;20021231;402.479.000;243.807.000;158.672.000;;;;20.325;23.641;16.876;27.348;31.586;22.539
AT13;90500;90500;2002;20021231;554.361.000;327.128.000;227.233.000;;;;16.258;17.937;14.395;22.059;24.198;19.454
AT13;90600;90600;2002;20021231;388.253.000;229.738.000;158.515.000;;;;18.724;21.260;16.069;25.294;28.491;21.628
AT13;90700;90700;2002;20021231;396.154.000;230.897.000;165.257.000;;;;18.429;21.129;15.725;25.244;28.618;21.545
AT13;90800;90800;2002;20021231;326.678.000;191.925.000;134.753.000;;;;20.108;23.342;16.931;27.602;31.529;23.310
AT13;90900;90900;2002;20021231;528.261.000;313.173.000;215.088.000;;;;19.106;22.183;16.031;26.045;30.036;21.752
AT13;91000;91000;2002;20021231;1.667.870.000;1.012.406.000;655.464.000;;;;16.707;18.657;14.478;21.465;23.616;18.680
AT13;91100;91100;2002;20021231;918.815.000;563.545.000;355.270.000;;;;16.742;18.883;14.296;21.234;23.283;18.441
AT13;91200;91200;2002;20021231;886.854.000;530.666.000;356.188.000;;;;16.950;18.884;14.794;22.119;24.436;19.282
AT13;91300;91300;2002;20021231;748.493.000;480.043.000;268.450.000;;;;23.914;29.951;17.877;30.220;36.793;22.617
AT13;91400;91400;2002;20021231;1.042.449.000;630.278.000;412.171.000;;;;19.511;22.571;16.300;24.584;28.033;20.581
AT13;91500;91500;2002;20021231;675.173.000;400.971.000;274.202.000;;;;14.999;16.355;13.439;20.153;21.864;18.033
AT13;91600;91600;2002;20021231;975.788.000;578.010.000;397.778.000;;;;16.330;18.004;14.465;21.412;23.688;18.735
AT13;91700;91700;2002;20021231;573.516.000;348.146.000;225.370.000;;;;17.604;20.022;14.960;23.386;26.641;19.591
AT13;91800;91800;2002;20021231;634.549.000;389.461.000;245.088.000;;;;20.413;24.325;16.466;27.123;31.758;21.854
AT13;91900;91900;2002;20021231;891.554.000;572.318.000;319.236.000;;;;22.469;27.605;17.113;29.480;35.334;22.559
AT13;92000;92000;2002;20021231;771.487.000;464.248.000;307.239.000;;;;15.696;17.143;13.986;20.817;22.595;18.542
AT13;92100;92100;2002;20021231;1.559.022.000;955.827.000;603.195.000;;;;17.977;20.611;15.081;22.678;25.217;19.313
AT13;92200;92200;2002;20021231;1.844.167.000;1.136.589.000;707.578.000;;;;18.915;22.016;15.577;23.416;26.217;19.692
AT13;92300;92300;2002;20021231;1.209.613.000;760.085.000;449.528.000;;;;20.799;24.849;16.511;25.742;29.755;20.674
AT13;90100;90100;2003;20031231;288.833.000;193.956.000;94.877.000;;;;26.571;33.764;18.907;37.151;45.846;26.751
AT13;90200;90200;2003;20031231;930.773.000;567.797.000;362.976.000;;;;16.549;18.296;14.478;22.557;24.613;19.822
AT13;90300;90300;2003;20031231;1.025.151.000;617.133.000;408.018.000;;;;18.940;21.523;16.150;25.451;28.709;21.574
AT13;90400;90400;2003;20031231;405.329.000;245.721.000;159.608.000;;;;20.730;24.031;17.256;28.314;32.597;23.339
AT13;90500;90500;2003;20031231;562.823.000;331.907.000;230.916.000;;;;16.402;17.976;14.633;22.822;24.807;20.350
AT13;90600;90600;2003;20031231;396.279.000;236.608.000;159.671.000;;;;19.059;21.460;16.449;26.447;29.715;22.556
AT13;90700;90700;2003;20031231;399.941.000;231.107.000;168.834.000;;;;18.941;21.490;16.388;26.079;29.158;22.680
AT13;90800;90800;2003;20031231;333.272.000;195.755.000;137.517.000;;;;20.345;23.644;17.106;28.507;32.402;24.150
AT13;90900;90900;2003;20031231;530.457.000;317.171.000;213.286.000;;;;19.141;21.776;16.336;26.679;30.090;22.708
AT13;91000;91000;2003;20031231;1.691.292.000;1.033.135.000;658.157.000;;;;16.792;18.586;14.669;21.995;23.955;19.371
AT13;91100;91100;2003;20031231;925.120.000;569.139.000;355.981.000;;;;16.838;18.937;14.403;21.841;23.853;19.045
AT13;91200;91200;2003;20031231;894.699.000;538.922.000;355.777.000;;;;16.999;18.834;14.895;22.707;24.815;19.967
AT13;91300;91300;2003;20031231;747.993.000;482.967.000;265.026.000;;;;24.149;29.800;18.220;31.110;36.866;23.777
AT13;91400;91400;2003;20031231;1.048.594.000;636.728.000;411.866.000;;;;19.613;22.460;16.534;25.290;28.360;21.497
AT13;91500;91500;2003;20031231;678.267.000;408.668.000;269.599.000;;;;14.998;16.321;13.415;20.656;22.233;18.559
AT13;91600;91600;2003;20031231;985.965.000;594.582.000;391.383.000;;;;16.434;17.991;14.593;22.175;24.166;19.621
AT13;91700;91700;2003;20031231;582.679.000;355.721.000;226.958.000;;;;17.713;19.906;15.215;24.377;27.243;20.751
AT13;91800;91800;2003;20031231;636.688.000;393.592.000;243.096.000;;;;20.614;24.511;16.593;28.029;32.408;22.744
AT13;91900;91900;2003;20031231;884.833.000;564.111.000;320.722.000;;;;22.458;27.421;17.292;30.305;35.710;23.702
AT13;92000;92000;2003;20031231;775.075.000;470.253.000;304.822.000;;;;15.705;17.018;14.096;21.333;22.905;19.221
AT13;92100;92100;2003;20031231;1.569.339.000;962.041.000;607.298.000;;;;18.070;20.582;15.264;23.321;25.754;20.005
AT13;92200;92200;2003;20031231;1.872.941.000;1.164.151.000;708.790.000;;;;19.091;22.105;15.745;24.193;26.860;20.453
AT13;92300;92300;2003;20031231;1.210.574.000;761.743.000;448.831.000;;;;20.869;24.792;16.651;26.455;30.095;21.620
AT13;90100;90100;2004;20041231;277.130.788;183.951.697;93.179.091;;;;26.854;33.770;19.483;39.843;48.423;29.104
AT13;90200;90200;2004;20041231;932.529.740;560.699.642;371.830.098;;;;16.640;18.263;14.746;23.817;25.622;21.358
AT13;90300;90300;2004;20041231;1.043.958.345;623.323.401;420.634.944;;;;19.290;21.964;16.466;27.164;30.256;23.359
AT13;90400;90400;2004;20041231;414.601.295;252.203.186;162.398.109;;;;21.126;24.824;17.320;30.706;35.255;25.275
AT13;90500;90500;2004;20041231;568.481.785;331.698.461;236.783.324;;;;16.484;18.108;14.712;23.861;25.680;21.539
AT13;90600;90600;2004;20041231;395.666.454;235.115.978;160.550.477;;;;19.132;21.560;16.530;27.688;30.743;23.930
AT13;90700;90700;2004;20041231;404.406.387;230.858.459;173.547.928;;;;19.046;21.447;16.665;27.863;30.537;24.782
AT13;90800;90800;2004;20041231;335.297.341;195.514.877;139.782.464;;;;20.645;23.832;17.516;30.679;34.865;25.958
AT13;90900;90900;2004;20041231;536.702.302;316.020.338;220.681.965;;;;19.534;22.627;16.460;28.957;32.538;24.764
AT13;91000;91000;2004;20041231;1.704.108.186;1.036.285.972;667.822.214;;;;16.765;18.542;14.680;22.693;24.423;20.261
AT13;91100;91100;2004;20041231;918.102.510;559.564.869;358.537.641;;;;16.930;18.901;14.658;22.442;24.181;19.938
AT13;91200;91200;2004;20041231;900.455.841;539.516.236;360.939.604;;;;17.126;19.039;14.974;23.702;25.590;21.156
AT13;91300;91300;2004;20041231;762.372.425;486.245.664;276.126.761;;;;24.701;30.745;18.641;33.265;39.087;25.820
AT13;91400;91400;2004;20041231;1.044.488.584;630.564.798;413.923.786;;;;19.809;22.804;16.637;26.705;29.629;22.923
AT13;91500;91500;2004;20041231;674.494.780;403.995.300;270.499.480;;;;15.025;16.252;13.560;21.619;22.945;19.776
AT13;91600;91600;2004;20041231;992.802.257;590.336.262;402.465.995;;;;16.576;18.087;14.835;23.321;25.168;20.897
AT13;91700;91700;2004;20041231;591.023.044;357.867.940;233.155.104;;;;17.768;19.940;15.329;25.755;28.388;22.253
AT13;91800;91800;2004;20041231;645.719.513;399.904.377;245.815.136;;;;20.915;25.061;16.671;30.226;34.714;24.548
AT13;91900;91900;2004;20041231;895.897.336;573.081.251;322.816.086;;;;22.875;28.208;17.401;32.315;37.688;25.427
AT13;92000;92000;2004;20041231;776.085.488;469.828.406;306.257.081;;;;15.783;17.145;14.128;22.290;23.773;20.211
AT13;92100;92100;2004;20041231;1.565.222.225;955.093.598;610.128.627;;;;18.158;20.700;15.356;24.071;26.345;20.875
AT13;92200;92200;2004;20041231;1.885.539.825;1.166.555.108;718.984.716;;;;19.355;22.477;15.953;25.110;27.664;21.416
AT13;92300;92300;2004;20041231;1.206.168.336;752.867.580;453.300.756;;;;20.923;24.809;16.814;27.365;30.894;22.569
AT13;90100;90100;2005;20051231;290.489.718;191.054.403;99.435.315;;;;28.638;35.904;21.011;41.870;50.072;31.727
AT13;90200;90200;2005;20051231;956.215.346;573.122.532;383.092.813;;;;17.074;18.703;15.179;24.782;26.581;22.319
AT13;90300;90300;2005;20051231;1.072.113.328;641.268.191;430.845.137;;;;19.799;22.520;16.910;28.143;31.188;24.313
AT13;90400;90400;2005;20051231;428.849.030;256.244.004;172.605.026;;;;21.767;25.133;18.307;31.633;35.686;26.771
AT13;90500;90500;2005;20051231;583.671.634;340.876.261;242.795.372;;;;16.873;18.436;15.143;24.880;26.855;22.402
AT13;90600;90600;2005;20051231;403.912.410;238.566.447;165.345.963;;;;19.714;22.184;17.087;28.923;32.047;25.087
AT13;90700;90700;2005;20051231;422.161.996;242.141.283;180.020.713;;;;19.778;22.475;17.133;29.211;32.179;25.755
AT13;90800;90800;2005;20051231;351.064.266;205.517.113;145.547.153;;;;21.842;25.497;18.304;32.073;36.441;27.139
AT13;90900;90900;2005;20051231;546.489.425;323.343.469;223.145.956;;;;20.203;23.577;16.877;30.070;33.998;25.427
AT13;91000;91000;2005;20051231;1.754.214.619;1.063.685.807;690.528.812;;;;17.074;18.812;15.034;23.381;25.089;20.955
AT13;91100;91100;2005;20051231;933.092.319;568.959.191;364.133.128;;;;17.367;19.343;15.075;23.395;25.117;20.895
AT13;91200;91200;2005;20051231;913.836.581;545.040.330;368.796.251;;;;17.357;19.145;15.331;24.344;26.280;21.728
AT13;91300;91300;2005;20051231;784.330.142;500.342.239;283.987.902;;;;25.382;31.628;19.132;34.924;41.185;26.993
AT13;91400;91400;2005;20051231;1.064.289.843;638.351.253;425.938.590;;;;20.234;23.196;17.118;27.503;30.448;23.705
AT13;91500;91500;2005;20051231;691.243.582;413.063.343;278.180.239;;;;15.376;16.622;13.891;22.327;23.612;20.511
AT13;91600;91600;2005;20051231;1.018.578.450;604.786.868;413.791.583;;;;17.030;18.523;15.302;24.136;25.950;21.741
AT13;91700;91700;2005;20051231;605.707.057;366.058.055;239.649.002;;;;18.260;20.538;15.729;26.467;29.153;22.942
AT13;91800;91800;2005;20051231;665.612.909;408.508.731;257.104.178;;;;21.630;25.617;17.546;31.607;36.104;25.943
AT13;91900;91900;2005;20051231;905.900.694;576.533.042;329.367.653;;;;23.232;28.546;17.810;33.300;38.754;26.302
AT13;92000;92000;2005;20051231;778.527.388;468.626.647;309.900.741;;;;16.023;17.369;14.403;22.915;24.322;20.935
AT13;92100;92100;2005;20051231;1.608.019.095;980.167.969;627.851.126;;;;18.547;21.146;15.691;24.873;27.169;21.629
AT13;92200;92200;2005;20051231;1.945.220.203;1.198.451.732;746.768.471;;;;19.804;22.962;16.389;25.954;28.537;22.196
AT13;92300;92300;2005;20051231;1.245.347.544;774.558.605;470.788.939;;;;21.544;25.498;17.380;28.482;32.059;23.625
AT13;90100;90100;2006;20061231;306.943.000;203.631.000;103.312.000;;;;29.234;36.957;21.160;43.745;53.251;32.139
AT13;90200;90200;2006;20061231;1.009.346.000;604.121.000;405.225.000;;;;17.458;19.051;15.597;25.504;27.331;23.009
AT13;90300;90300;2006;20061231;1.113.882.000;664.871.000;449.011.000;;;;20.210;23.088;17.189;28.843;32.073;24.856
AT13;90400;90400;2006;20061231;448.861.000;269.489.000;179.372.000;;;;22.350;25.922;18.674;32.387;36.704;27.193
AT13;90500;90500;2006;20061231;610.721.000;357.710.000;253.011.000;;;;17.295;18.976;15.437;25.488;27.468;22.991
AT13;90600;90600;2006;20061231;423.827.000;246.795.000;177.032.000;;;;20.273;22.768;17.686;29.645;32.953;25.787
AT13;90700;90700;2006;20061231;461.922.000;268.630.000;193.292.000;;;;20.885;24.120;17.737;30.618;34.335;26.366
AT13;90800;90800;2006;20061231;372.464.000;219.141.000;153.323.000;;;;22.329;26.086;18.679;33.076;37.892;27.665
AT13;90900;90900;2006;20061231;575.649.000;339.837.000;235.812.000;;;;20.748;24.163;17.393;31.219;35.371;26.437
AT13;91000;91000;2006;20061231;1.828.447.000;1.108.671.000;719.776.000;;;;17.257;18.984;15.220;23.757;25.399;21.416
AT13;91100;91100;2006;20061231;962.270.000;586.431.000;375.839.000;;;;17.646;19.658;15.313;23.685;25.416;21.156
AT13;91200;91200;2006;20061231;946.949.000;561.602.000;385.347.000;;;;17.446;19.188;15.485;24.782;26.580;22.379
AT13;91300;91300;2006;20061231;824.208.000;523.547.000;300.661.000;;;;26.230;32.744;19.809;36.076;42.703;27.764
AT13;91400;91400;2006;20061231;1.104.238.000;658.318.000;445.920.000;;;;20.510;23.360;17.514;27.963;30.788;24.360
AT13;91500;91500;2006;20061231;713.123.000;422.707.000;290.416.000;;;;15.527;16.713;14.125;22.728;24.032;20.930
AT13;91600;91600;2006;20061231;1.055.139.000;625.897.000;429.242.000;;;;17.170;18.734;15.374;24.574;26.366;22.200
AT13;91700;91700;2006;20061231;635.664.000;383.723.000;251.941.000;;;;18.441;20.699;15.872;27.166;29.998;23.491
AT13;91800;91800;2006;20061231;698.501.000;428.477.000;270.024.000;;;;22.139;26.614;17.706;32.371;36.934;26.662
AT13;91900;91900;2006;20061231;949.594.000;601.766.000;347.828.000;;;;23.716;29.184;18.192;34.208;39.682;27.208
AT13;92000;92000;2006;20061231;817.104.000;491.233.000;325.871.000;;;;16.339;17.723;14.676;23.404;24.853;21.359
AT13;92100;92100;2006;20061231;1.668.643.000;1.010.197.000;658.446.000;;;;18.815;21.377;16.021;25.381;27.669;22.167
AT13;92200;92200;2006;20061231;2.041.952.000;1.258.414.000;783.538.000;;;;20.296;23.591;16.746;26.508;29.152;22.692
AT13;92300;92300;2006;20061231;1.294.072.000;803.114.000;490.958.000;;;;21.734;25.798;17.495;28.790;32.403;23.899
AT13;90100;90100;2007;20071231;330.627.648;222.163.769;108.463.879;;;;31.095;40.019;21.791;44.693;54.225;33.510
AT13;90200;90200;2007;20071231;1.065.620.932;638.476.150;427.144.782;;;;18.008;19.917;15.832;26.223;28.308;23.458
AT13;90300;90300;2007;20071231;1.176.856.127;699.317.756;477.538.371;;;;20.908;23.979;17.742;29.890;33.294;25.762
AT13;90400;90400;2007;20071231;475.336.718;283.351.884;191.984.834;;;;23.221;27.092;19.340;33.640;37.938;28.617
AT13;90500;90500;2007;20071231;637.657.397;370.235.348;267.422.048;;;;17.682;19.416;15.796;26.163;28.367;23.481
AT13;90600;90600;2007;20071231;447.415.299;262.058.217;185.357.083;;;;21.037;23.751;18.211;30.819;34.494;26.594
AT13;90700;90700;2007;20071231;478.243.350;272.280.108;205.963.242;;;;21.191;24.355;18.205;31.309;34.789;27.458
AT13;90800;90800;2007;20071231;387.125.659;227.844.048;159.281.611;;;;22.698;26.717;18.842;33.601;38.205;28.547
AT13;90900;90900;2007;20071231;604.368.144;357.092.705;247.275.439;;;;21.359;25.027;17.786;32.260;36.655;27.332
AT13;91000;91000;2007;20071231;1.904.193.093;1.147.738.836;756.454.257;;;;17.454;19.251;15.370;24.156;25.895;21.729
AT13;91100;91100;2007;20071231;1.029.558.158;625.887.858;403.670.300;;;;17.984;20.050;15.597;24.159;26.005;21.493
AT13;91200;91200;2007;20071231;995.810.027;588.434.967;407.375.059;;;;17.926;19.705;15.933;25.263;27.142;22.787
AT13;91300;91300;2007;20071231;853.690.840;540.643.667;313.047.173;;;;26.946;33.693;20.356;37.175;44.095;28.700
AT13;91400;91400;2007;20071231;1.151.891.742;686.124.742;465.767.000;;;;20.966;24.002;17.806;28.742;31.833;24.869
AT13;91500;91500;2007;20071231;740.478.387;434.973.812;305.504.575;;;;15.800;16.995;14.413;23.157;24.540;21.319
AT13;91600;91600;2007;20071231;1.095.592.531;638.754.163;456.838.367;;;;17.612;19.144;15.903;25.117;26.903;22.829
AT13;91700;91700;2007;20071231;657.155.869;391.918.087;265.237.782;;;;18.879;21.219;16.345;27.731;30.694;23.967
AT13;91800;91800;2007;20071231;754.922.668;469.045.189;285.877.479;;;;23.280;28.603;18.107;34.507;40.471;27.422
AT13;91900;91900;2007;20071231;1.004.936.960;636.973.876;367.963.084;;;;24.683;30.390;18.941;35.447;41.388;28.051
AT13;92000;92000;2007;20071231;850.636.474;503.972.714;346.663.761;;;;16.650;17.982;15.086;23.803;25.236;21.860
AT13;92100;92100;2007;20071231;1.740.717.411;1.044.022.588;696.694.823;;;;19.212;21.753;16.473;25.776;27.969;22.757
AT13;92200;92200;2007;20071231;2.137.264.088;1.302.943.416;834.320.672;;;;20.599;23.915;17.092;27.125;29.792;23.355
AT13;92300;92300;2007;20071231;1.356.687.126;834.953.470;521.733.656;;;;22.379;26.600;18.046;29.586;33.418;24.477
AT13;90100;90100;2008;20081231;334.719.126;217.764.204;116.954.922;;;;31.213;38.870;23.253;47.085;55.920;36.450
AT13;90200;90200;2008;20081231;1.125.428.256;672.995.339;452.432.917;;;;18.481;20.406;16.286;27.165;29.255;24.316
AT13;90300;90300;2008;20081231;1.233.293.150;731.149.554;502.143.596;;;;21.410;24.565;18.171;30.883;34.378;26.575
AT13;90400;90400;2008;20081231;497.538.537;297.351.540;200.186.998;;;;23.552;27.510;19.557;35.067;39.608;29.616
AT13;90500;90500;2008;20081231;669.614.425;386.583.328;283.031.098;;;;18.203;19.792;16.462;27.067;28.943;24.700
AT13;90600;90600;2008;20081231;468.674.488;273.405.090;195.269.398;;;;21.462;24.269;18.572;31.850;35.460;27.540
AT13;90700;90700;2008;20081231;506.038.244;287.834.926;218.203.318;;;;21.804;25.086;18.703;32.710;36.169;28.804
AT13;90800;90800;2008;20081231;404.071.689;234.589.611;169.482.078;;;;22.995;27.092;19.155;34.628;38.785;29.974
AT13;90900;90900;2008;20081231;632.466.925;370.620.062;261.846.863;;;;21.702;25.390;18.147;33.347;37.527;28.556
AT13;91000;91000;2008;20081231;2.013.151.157;1.210.815.085;802.336.073;;;;17.891;19.717;15.777;24.814;26.454;22.463
AT13;91100;91100;2008;20081231;1.099.174.922;666.296.065;432.878.857;;;;18.387;20.534;15.932;24.709;26.367;22.262
AT13;91200;91200;2008;20081231;1.060.917.227;628.456.773;432.460.453;;;;18.312;20.190;16.209;26.052;27.826;23.625
AT13;91300;91300;2008;20081231;882.521.206;553.535.386;328.985.820;;;;27.141;33.790;20.709;37.714;44.124;29.616
AT13;91400;91400;2008;20081231;1.201.103.532;707.949.324;493.154.207;;;;21.424;24.470;18.306;29.612;32.454;25.930
AT13;91500;91500;2008;20081231;780.521.905;455.477.895;325.044.010;;;;16.157;17.383;14.754;23.897;25.119;22.223
AT13;91600;91600;2008;20081231;1.147.531.610;670.585.234;476.946.376;;;;18.027;19.657;16.213;25.941;27.618;23.704
AT13;91700;91700;2008;20081231;699.153.723;419.506.750;279.646.972;;;;19.463;21.954;16.748;28.867;31.916;24.926
AT13;91800;91800;2008;20081231;770.960.480;470.251.392;300.709.088;;;;23.592;28.593;18.763;34.877;40.039;28.509
AT13;91900;91900;2008;20081231;1.058.217.328;672.473.083;385.744.245;;;;25.329;31.232;19.349;36.877;43.130;28.821
AT13;92000;92000;2008;20081231;891.045.632;526.085.621;364.960.011;;;;17.035;18.418;15.427;24.459;25.816;22.584
AT13;92100;92100;2008;20081231;1.826.918.707;1.093.357.366;733.561.341;;;;19.578;22.173;16.789;26.552;28.721;23.488
AT13;92200;92200;2008;20081231;2.273.130.160;1.381.015.257;892.114.903;;;;21.222;24.632;17.636;27.986;30.563;24.281
AT13;92300;92300;2008;20081231;1.405.102.862;860.494.642;544.608.220;;;;22.899;27.182;18.542;30.505;34.218;25.464
AT13;90100;90100;2009;20091231;337.318.585;221.812.836;115.505.749;;;;32.264;40.505;23.665;50.015;59.822;37.941
AT13;90200;90200;2009;20091231;1.126.424.196;661.374.170;465.050.026;;;;19.023;20.700;17.125;28.410;30.350;25.834
AT13;90300;90300;2009;20091231;1.244.894.423;730.904.132;513.990.291;;;;22.075;25.329;18.795;32.226;35.779;27.896
AT13;90400;90400;2009;20091231;498.744.412;295.172.747;203.571.665;;;;24.303;28.139;20.444;36.504;40.619;31.575
AT13;90500;90500;2009;20091231;678.912.242;390.833.095;288.079.147;;;;18.810;20.443;17.027;28.284;30.129;25.932
AT13;90600;90600;2009;20091231;462.220.613;267.760.020;194.460.593;;;;21.954;24.614;19.203;33.180;36.650;29.094
AT13;90700;90700;2009;20091231;516.320.526;290.166.048;226.154.478;;;;22.700;25.665;19.874;34.272;37.494;30.650
AT13;90800;90800;2009;20091231;403.491.573;233.223.334;170.268.239;;;;23.676;27.475;20.037;36.436;40.758;31.474
AT13;90900;90900;2009;20091231;631.034.371;363.808.501;267.225.870;;;;22.448;25.874;19.150;35.008;38.942;30.517
AT13;91000;91000;2009;20091231;1.995.127.654;1.184.289.198;810.838.456;;;;18.342;20.036;16.398;25.785;27.357;23.562
AT13;91100;91100;2009;20091231;1.134.765.563;680.165.408;454.600.155;;;;18.877;20.837;16.631;25.626;27.204;23.320
AT13;91200;91200;2009;20091231;1.061.493.562;620.246.522;441.247.040;;;;18.857;20.607;16.917;27.061;28.783;24.736
AT13;91300;91300;2009;20091231;886.241.281;551.250.579;334.990.702;;;;27.988;34.561;21.612;39.131;45.309;31.365
AT13;91400;91400;2009;20091231;1.211.816.171;707.848.759;503.967.412;;;;22.079;25.113;19.000;30.961;33.979;27.149
AT13;91500;91500;2009;20091231;786.028.682;453.605.022;332.423.660;;;;16.680;17.880;15.327;24.979;26.258;23.262
AT13;91600;91600;2009;20091231;1.152.070.462;666.740.088;485.330.374;;;;18.615;20.112;16.947;27.176;28.935;24.883
AT13;91700;91700;2009;20091231;711.007.792;422.967.130;288.040.663;;;;20.297;23.015;17.410;29.971;32.670;26.479
AT13;91800;91800;2009;20091231;762.784.456;457.542.538;305.241.918;;;;23.927;28.553;19.457;36.056;41.063;29.982
AT13;91900;91900;2009;20091231;1.053.891.808;660.267.256;393.624.552;;;;25.828;31.525;20.106;38.430;44.491;30.743
AT13;92000;92000;2009;20091231;894.780.246;522.766.025;372.014.221;;;;17.652;19.014;16.089;25.401;26.640;23.691
AT13;92100;92100;2009;20091231;1.860.993.991;1.102.040.673;758.953.318;;;;20.266;22.749;17.605;27.682;29.837;24.677
AT13;92200;92200;2009;20091231;2.337.650.248;1.407.182.924;930.467.324;;;;21.782;25.094;18.310;29.173;31.768;25.476
AT13;92300;92300;2009;20091231;1.412.464.045;855.158.829;557.305.216;;;;23.408;27.464;19.273;31.547;35.030;26.866
AT13;90100;90100;2010;20101231;332.815.734;219.606.774;113.208.960;;;;33.419;42.167;24.310;52.767;62.858;40.002
AT13;90200;90200;2010;20101231;1.155.657.937;675.817.826;479.840.112;;;;18.998;20.655;17.136;28.573;30.378;26.127
AT13;90300;90300;2010;20101231;1.255.672.729;734.456.548;521.216.181;;;;22.166;25.291;19.009;33.076;36.415;28.971
AT13;90400;90400;2010;20101231;491.190.389;290.740.036;200.450.353;;;;24.069;28.164;20.038;37.297;42.193;31.444
AT13;90500;90500;2010;20101231;673.229.660;384.688.717;288.540.943;;;;18.659;20.231;16.954;28.382;30.091;26.186
AT13;90600;90600;2010;20101231;460.234.476;267.019.737;193.214.739;;;;22.083;24.979;19.145;34.072;37.812;29.560
AT13;90700;90700;2010;20101231;501.999.987;284.273.956;217.726.031;;;;22.694;25.755;19.758;34.824;38.082;31.064
AT13;90800;90800;2010;20101231;379.861.056;216.108.424;163.752.632;;;;23.247;26.591;20.061;36.454;40.208;32.181
AT13;90900;90900;2010;20101231;622.976.885;357.437.003;265.539.882;;;;22.324;25.517;19.225;35.498;39.431;31.000
AT13;91000;91000;2010;20101231;2.016.442.240;1.196.031.990;820.410.250;;;;18.186;19.828;16.298;25.772;27.142;23.779
AT13;91100;91100;2010;20101231;1.148.166.095;682.534.302;465.631.793;;;;18.780;20.685;16.630;25.709;27.131;23.607
AT13;91200;91200;2010;20101231;1.054.127.352;612.207.646;441.919.706;;;;18.695;20.333;16.884;27.134;28.579;25.138
AT13;91300;91300;2010;20101231;856.480.498;524.330.605;332.149.893;;;;27.656;33.933;21.695;39.661;45.818;31.909
AT13;91400;91400;2010;20101231;1.209.406.213;697.886.608;511.519.605;;;;21.692;24.483;18.889;30.697;33.275;27.443
AT13;91500;91500;2010;20101231;775.056.656;445.299.197;329.757.459;;;;16.571;17.676;15.323;25.085;26.054;23.744
AT13;91600;91600;2010;20101231;1.151.764.261;660.664.271;491.099.991;;;;18.550;19.979;16.979;27.137;28.623;25.166
AT13;91700;91700;2010;20101231;688.073.785;405.551.512;282.522.273;;;;19.845;22.272;17.272;30.149;32.573;26.863
AT13;91800;91800;2010;20101231;759.309.394;455.681.458;303.627.936;;;;24.232;29.104;19.574;36.963;42.017;30.778
AT13;91900;91900;2010;20101231;1.038.002.850;649.474.106;388.528.744;;;;25.539;31.191;19.902;38.716;44.716;31.013
AT13;92000;92000;2010;20101231;911.841.222;531.856.198;379.985.024;;;;17.455;18.722;15.993;25.516;26.560;24.033
AT13;92100;92100;2010;20101231;1.888.189.257;1.106.295.102;781.894.155;;;;20.218;22.707;17.613;27.802;29.786;25.052
AT13;92200;92200;2010;20101231;2.389.542.769;1.417.401.444;972.141.325;;;;21.934;25.203;18.591;29.381;31.837;25.939
AT13;92300;92300;2010;20101231;1.432.397.178;856.179.144;576.218.034;;;;23.242;27.229;19.273;31.653;34.918;27.264
AT13;90100;90100;2011;20111231;343.796.627;224.833.818;118.962.808;53.601;68.193;38.166;34.333;42.585;25.605;53.082;62.102;41.994
AT13;90200;90200;2011;20111231;1.203.578.277;701.063.406;502.514.871;27.249;30.040;24.122;18.838;20.437;17.047;28.947;30.621;26.660
AT13;90300;90300;2011;20111231;1.294.785.543;761.001.758;533.783.784;32.673;38.046;27.196;22.054;25.152;18.898;33.536;36.930;29.273
AT13;90400;90400;2011;20111231;501.993.547;295.600.763;206.392.784;35.683;42.435;29.061;23.672;27.557;19.862;37.539;41.819;32.425
AT13;90500;90500;2011;20111231;688.914.810;391.128.771;297.786.040;26.726;29.270;23.988;18.532;20.023;16.928;28.622;30.248;26.528
AT13;90600;90600;2011;20111231;476.063.891;274.648.056;201.415.835;32.679;37.454;27.839;21.989;24.772;19.168;34.513;38.191;30.102
AT13;90700;90700;2011;20111231;518.118.194;292.599.573;225.518.620;33.953;39.418;28.776;22.659;25.823;19.663;35.408;38.529;31.787
AT13;90800;90800;2011;20111231;395.074.477;226.840.619;168.233.858;35.059;41.281;29.136;23.262;26.869;19.829;37.317;41.277;32.721
AT13;90900;90900;2011;20111231;643.841.659;368.058.098;275.783.562;33.275;38.743;28.001;22.229;25.361;19.209;36.284;40.147;31.833
AT13;91000;91000;2011;20111231;2.068.160.761;1.227.131.787;841.028.974;25.504;28.209;22.374;18.012;19.581;16.197;25.880;27.122;24.032
AT13;91100;91100;2011;20111231;1.189.842.984;707.193.693;482.649.290;26.935;30.226;23.230;18.958;20.881;16.792;26.008;27.378;23.957
AT13;91200;91200;2011;20111231;1.080.309.105;629.134.930;451.174.175;26.406;29.162;23.331;18.486;20.069;16.720;27.330;28.705;25.385
AT13;91300;91300;2011;20111231;872.524.690;535.333.847;337.190.844;42.165;53.225;31.706;27.763;34.204;21.671;40.116;46.201;32.408
AT13;91400;91400;2011;20111231;1.239.051.043;715.190.394;523.860.649;31.744;36.515;26.938;21.670;24.414;18.907;31.227;33.783;27.904
AT13;91500;91500;2011;20111231;799.329.590;459.639.537;339.690.053;23.053;24.742;21.103;16.416;17.342;15.347;25.289;26.189;24.016
AT13;91600;91600;2011;20111231;1.188.121.401;683.026.904;505.094.497;26.061;28.377;23.471;18.251;19.548;16.800;27.301;28.646;25.487
AT13;91700;91700;2011;20111231;706.472.600;415.709.327;290.763.273;28.367;32.351;24.120;19.510;21.761;17.109;30.594;33.120;27.204
AT13;91800;91800;2011;20111231;768.979.978;459.492.996;309.486.981;35.742;43.724;28.120;23.771;28.412;19.339;36.979;41.831;31.041
AT13;91900;91900;2011;20111231;1.061.514.185;661.784.125;399.730.060;38.490;47.983;28.993;25.372;30.828;19.915;39.197;45.084;31.641
AT13;92000;92000;2011;20111231;936.148.830;544.214.054;391.934.776;24.500;26.603;22.077;17.334;18.534;15.951;25.798;26.731;24.439
AT13;92100;92100;2011;20111231;1.958.993.025;1.149.129.979;809.863.046;29.271;33.500;24.825;20.325;22.816;17.706;28.091;30.093;25.281
AT13;92200;92200;2011;20111231;2.486.902.806;1.467.714.564;1.019.188.241;32.065;37.470;26.550;22.026;25.197;18.790;29.724;32.105;26.349
AT13;92300;92300;2011;20111231;1.466.215.847;872.954.280;593.261.567;34.310;40.982;27.680;23.303;27.206;19.423;32.006;35.123;27.767
AT13;90100;90100;2012;20121231;330.576.105;207.861.677;122.714.428;51.396;64.553;38.205;33.111;40.707;25.496;51.967;60.655;41.769
AT13;90200;90200;2012;20121231;1.275.308.269;744.728.271;530.579.998;28.090;31.214;24.630;19.315;21.113;17.324;29.768;31.525;27.331
AT13;90300;90300;2012;20121231;1.371.257.282;806.630.300;564.626.981;33.555;39.147;27.868;22.551;25.794;19.253;34.400;37.926;29.932
AT13;90400;90400;2012;20121231;525.415.040;311.502.190;213.912.850;36.967;44.116;29.910;24.524;28.700;20.400;39.133;43.361;33.853
AT13;90500;90500;2012;20121231;713.704.094;404.261.327;309.442.768;27.134;29.749;24.339;18.736;20.265;17.102;29.199;30.723;27.234
AT13;90600;90600;2012;20121231;495.251.296;284.978.942;210.272.354;33.123;37.972;28.236;22.183;24.984;19.359;35.085;38.622;30.880
AT13;90700;90700;2012;20121231;539.508.276;300.724.867;238.783.410;34.606;39.821;29.707;22.992;25.964;20.199;36.412;39.328;33.072
AT13;90800;90800;2012;20121231;408.734.515;235.220.633;173.513.883;35.208;41.522;29.191;23.362;27.110;19.791;38.302;42.612;33.249
AT13;90900;90900;2012;20121231;678.787.085;390.454.023;288.333.061;34.079;39.956;28.418;22.719;26.121;19.443;37.173;41.169;32.548
AT13;91000;91000;2012;20121231;2.146.422.913;1.276.167.051;870.255.862;25.863;28.519;22.755;18.184;19.719;16.389;26.333;27.481;24.579
AT13;91100;91100;2012;20121231;1.228.295.565;730.279.042;498.016.523;27.422;30.784;23.636;19.209;21.188;16.980;26.472;27.904;24.305
AT13;91200;91200;2012;20121231;1.129.976.545;655.916.711;474.059.834;26.877;29.708;23.746;18.729;20.359;16.925;27.823;29.138;25.952
AT13;91300;91300;2012;20121231;897.146.594;541.634.045;355.512.549;42.515;52.832;32.766;27.927;33.912;22.273;40.994;46.845;33.650
AT13;91400;91400;2012;20121231;1.298.030.355;753.559.083;544.471.272;32.503;37.442;27.485;22.113;24.975;19.207;31.959;34.549;28.537
AT13;91500;91500;2012;20121231;852.134.921;491.473.581;360.661.340;23.542;25.342;21.465;16.688;17.711;15.507;25.772;26.654;24.514
AT13;91600;91600;2012;20121231;1.256.608.585;724.641.476;531.967.109;26.658;29.130;23.896;18.578;19.983;17.009;28.009;29.417;26.052
AT13;91700;91700;2012;20121231;731.050.280;426.793.008;304.257.272;28.417;32.250;24.356;19.531;21.753;17.177;30.669;33.018;27.479
AT13;91800;91800;2012;20121231;804.685.370;475.312.443;329.372.927;36.424;44.422;28.913;24.171;28.808;19.817;38.261;43.199;32.263
AT13;91900;91900;2012;20121231;1.106.484.211;691.014.573;415.469.638;39.308;49.267;29.418;25.826;31.546;20.145;39.787;45.845;32.079
AT13;92000;92000;2012;20121231;963.472.272;557.579.397;405.892.876;24.942;26.991;22.586;17.548;18.702;16.220;26.287;27.281;24.860
AT13;92100;92100;2012;20121231;2.038.041.686;1.190.170.084;847.871.602;29.792;33.953;25.420;20.566;22.980;18.030;28.624;30.420;26.071
AT13;92200;92200;2012;20121231;2.615.813.406;1.539.218.924;1.076.594.482;32.840;38.352;27.242;22.440;25.666;19.164;30.392;32.688;27.106
AT13;92300;92300;2012;20121231;1.518.149.700;899.263.515;618.886.186;34.974;41.546;28.438;23.620;27.422;19.839;32.384;35.295;28.392
AT13;90100;90100;2013;20131231;330.991.192;208.208.173;122.783.019;51.516;65.536;37.803;32.852;40.698;25.177;52.982;62.375;41.966
AT13;90200;90200;2013;20131231;1.340.350.146;780.592.429;559.757.717;28.528;31.733;25.007;19.518;21.331;17.527;30.331;32.128;27.863
AT13;90300;90300;2013;20131231;1.406.613.969;819.462.912;587.151.056;33.746;39.160;28.287;22.519;25.580;19.432;34.612;37.903;30.469
AT13;90400;90400;2013;20131231;529.991.614;312.753.231;217.238.383;36.700;43.791;29.763;24.208;28.353;20.151;39.000;43.572;33.384
AT13;90500;90500;2013;20131231;731.418.502;415.545.134;315.873.368;27.369;29.958;24.576;18.801;20.297;17.186;29.760;31.188;27.876
AT13;90600;90600;2013;20131231;507.858.213;292.284.049;215.574.164;33.232;38.322;28.161;22.133;25.035;19.241;35.781;39.379;31.486
AT13;90700;90700;2013;20131231;554.171.851;309.648.722;244.523.129;34.964;40.266;29.966;23.093;26.115;20.245;37.215;40.338;33.618
AT13;90800;90800;2013;20131231;418.842.630;240.353.967;178.488.663;35.411;41.569;29.522;23.336;26.839;19.986;38.729;42.558;34.189
AT13;90900;90900;2013;20131231;690.020.639;392.372.125;297.648.514;33.953;39.482;28.661;22.492;25.629;19.491;37.205;40.813;33.031
AT13;91000;91000;2013;20131231;2.203.581.711;1.306.121.659;897.460.052;26.038;28.614;23.021;18.239;19.694;16.534;26.782;27.879;25.115
AT13;91100;91100;2013;20131231;1.254.509.130;744.820.409;509.688.721;27.783;31.244;23.912;19.369;21.378;17.123;26.979;28.372;24.842
AT13;91200;91200;2013;20131231;1.153.609.375;669.175.974;484.433.400;27.007;29.781;23.929;18.743;20.306;17.009;28.255;29.515;26.448
AT13;91300;91300;2013;20131231;901.888.945;542.689.458;359.199.486;42.251;52.403;32.684;27.581;33.355;22.140;40.629;46.322;33.462
AT13;91400;91400;2013;20131231;1.328.758.466;764.971.615;563.786.851;32.822;37.598;27.996;22.233;24.936;19.501;32.395;34.735;29.292
AT13;91500;91500;2013;20131231;878.384.860;505.777.773;372.607.087;23.761;25.497;21.752;16.766;17.716;15.666;26.285;27.089;25.140
AT13;91600;91600;2013;20131231;1.287.589.978;734.965.343;552.624.635;26.909;29.279;24.293;18.701;20.019;17.247;28.501;29.751;26.783
AT13;91700;91700;2013;20131231;754.209.489;441.732.098;312.477.391;28.746;32.564;24.659;19.665;21.830;17.348;30.984;33.122;28.000
AT13;91800;91800;2013;20131231;820.436.350;481.584.827;338.851.522;36.732;44.744;29.279;24.150;28.654;19.960;38.803;43.733;32.905
AT13;91900;91900;2013;20131231;1.107.901.106;682.281.656;425.619.450;39.081;48.506;29.799;25.588;30.929;20.328;40.146;45.955;32.708
AT13;92000;92000;2013;20131231;986.479.833;569.652.369;416.827.464;25.192;27.237;22.847;17.657;18.805;16.342;26.765;27.621;25.520
AT13;92100;92100;2013;20131231;2.100.275.700;1.229.201.418;871.074.282;30.383;34.421;26.068;20.869;23.169;18.412;29.218;31.068;26.581
AT13;92200;92200;2013;20131231;2.696.924.333;1.585.265.169;1.111.659.164;33.132;38.642;27.533;22.515;25.688;19.290;30.841;33.112;27.587
AT13;92300;92300;2013;20131231;1.561.501.548;927.206.622;634.294.926;35.620;42.184;29.019;23.940;27.688;20.171;33.122;36.270;28.817
AT13;90100;90100;2014;20141231;356.610.417;227.743.353;128.867.063;51.340;65.107;37.374;32.493;40.078;24.797;54.430;64.346;42.563
AT13;90200;90200;2014;20141231;1.371.165.509;797.143.010;574.022.499;29.179;32.432;25.611;19.887;21.746;17.848;30.918;32.839;28.276
AT13;90300;90300;2014;20141231;1.452.682.127;844.921.251;607.760.876;34.624;39.998;29.174;23.026;26.073;19.937;35.240;38.555;31.065
AT13;90400;90400;2014;20141231;537.654.807;318.118.406;219.536.400;36.904;44.024;29.897;24.199;28.316;20.148;39.015;43.177;33.727
AT13;90500;90500;2014;20141231;746.493.281;421.658.287;324.834.994;27.674;30.118;25.035;18.952;20.340;17.454;30.117;31.566;28.225
AT13;90600;90600;2014;20141231;514.854.103;295.061.094;219.793.009;33.874;38.676;29.035;22.505;25.257;19.731;35.881;39.407;31.664
AT13;90700;90700;2014;20141231;564.705.041;317.022.185;247.682.856;35.702;40.670;30.875;23.505;26.313;20.777;37.625;40.865;33.856
AT13;90800;90800;2014;20141231;422.726.033;241.991.339;180.734.695;35.989;41.940;30.243;23.590;26.973;20.323;39.501;43.481;34.687
AT13;90900;90900;2014;20141231;694.455.394;393.124.406;301.330.988;34.386;39.786;29.213;22.703;25.721;19.812;37.690;41.714;33.109
AT13;91000;91000;2014;20141231;2.256.340.321;1.338.298.283;918.042.038;26.267;28.781;23.301;18.340;19.765;16.657;27.009;28.189;25.208
AT13;91100;91100;2014;20141231;1.274.738.643;753.758.855;520.979.788;28.016;31.348;24.281;19.489;21.418;17.327;27.184;28.529;25.131
AT13;91200;91200;2014;20141231;1.180.468.700;686.548.906;493.919.794;27.421;30.155;24.351;18.983;20.542;17.233;28.529;29.831;26.644
AT13;91300;91300;2014;20141231;914.443.418;551.408.466;363.034.952;42.396;52.721;32.676;27.604;33.517;22.037;41.384;47.332;33.762
AT13;91400;91400;2014;20141231;1.354.712.987;780.157.906;574.555.081;33.210;37.793;28.515;22.388;24.970;19.744;32.572;34.840;29.542
AT13;91500;91500;2014;20141231;896.567.081;516.202.197;380.364.885;23.908;25.594;21.947;16.799;17.725;15.722;26.527;27.489;25.164
AT13;91600;91600;2014;20141231;1.313.190.441;750.347.058;562.843.384;27.073;29.474;24.422;18.733;20.073;17.253;28.868;30.163;27.054
AT13;91700;91700;2014;20141231;773.010.999;449.415.052;323.595.947;28.780;32.283;25.011;19.642;21.616;17.517;31.195;33.364;28.213
AT13;91800;91800;2014;20141231;823.165.897;479.264.827;343.901.069;36.788;44.278;29.770;24.164;28.397;20.197;38.995;43.525;33.492
AT13;91900;91900;2014;20141231;1.121.655.625;690.109.631;431.545.994;39.462;48.743;30.250;25.803;31.082;20.564;40.791;46.614;33.186
AT13;92000;92000;2014;20141231;999.405.441;578.415.279;420.990.162;25.575;27.609;23.224;17.861;19.012;16.531;27.181;28.102;25.837
AT13;92100;92100;2014;20141231;2.153.512.515;1.254.268.324;899.244.190;30.829;34.937;26.486;21.104;23.448;18.626;29.551;31.427;26.875
AT13;92200;92200;2014;20141231;2.791.024.247;1.635.868.641;1.155.155.606;33.719;39.250;28.109;22.830;26.022;19.593;31.231;33.550;27.908
AT13;92300;92300;2014;20141231;1.570.607.742;932.959.804;637.647.938;35.928;42.401;29.367;24.061;27.771;20.302;33.328;36.409;29.009
AT13;90100;90100;2015;20151231;367.390.717;235.347.851;132.042.866;49.822;64.075;35.678;31.526;39.276;23.834;54.551;64.011;42.660
AT13;90200;90200;2015;20151231;1.410.209.737;817.314.726;592.895.011;29.980;33.147;26.491;20.289;22.057;18.340;31.915;33.666;29.490
AT13;90300;90300;2015;20151231;1.486.344.244;859.167.932;627.176.312;35.058;40.191;29.837;23.269;26.160;20.329;36.202;39.396;32.148
AT13;90400;90400;2015;20151231;557.399.569;327.386.480;230.013.090;36.693;42.734;30.546;24.022;27.449;20.537;39.731;44.001;34.395
AT13;90500;90500;2015;20151231;762.377.164;430.186.909;332.190.254;27.897;30.189;25.401;19.039;20.320;17.643;30.762;32.085;29.030
AT13;90600;90600;2015;20151231;525.810.754;301.278.208;224.532.546;33.749;38.730;28.783;22.356;25.186;19.534;36.241;39.695;32.112
AT13;90700;90700;2015;20151231;578.944.250;325.225.674;253.718.576;35.837;41.069;30.806;23.538;26.502;20.689;38.553;41.685;34.891
AT13;90800;90800;2015;20151231;435.049.752;248.719.538;186.330.214;36.617;42.350;31.014;23.929;27.178;20.754;40.579;44.791;35.588
AT13;90900;90900;2015;20151231;720.594.318;409.202.163;311.392.155;34.891;40.604;29.446;22.941;26.176;19.858;38.626;42.813;33.823
AT13;91000;91000;2015;20151231;2.306.350.174;1.365.056.765;941.293.409;26.272;28.593;23.505;18.289;19.578;16.752;27.358;28.388;25.747
AT13;91100;91100;2015;20151231;1.308.474.976;772.687.085;535.787.891;28.352;31.559;24.728;19.627;21.456;17.560;27.713;29.003;25.705
AT13;91200;91200;2015;20151231;1.196.878.224;692.529.931;504.348.293;27.362;29.799;24.599;18.873;20.227;17.338;28.820;30.087;26.987
AT13;91300;91300;2015;20151231;956.694.091;576.792.385;379.901.706;43.480;53.881;33.626;28.199;34.095;22.612;42.137;47.922;34.836
AT13;91400;91400;2015;20151231;1.389.280.273;803.613.395;585.666.878;33.604;38.225;28.822;22.534;25.127;19.852;33.275;35.704;29.983
AT13;91500;91500;2015;20151231;918.844.632;528.546.105;390.298.528;24.030;25.645;22.142;16.823;17.703;15.795;27.040;27.868;25.854
AT13;91600;91600;2015;20151231;1.353.664.727;769.431.864;584.232.863;27.434;29.741;24.891;18.887;20.151;17.493;29.398;30.607;27.713
AT13;91700;91700;2015;20151231;803.432.638;467.972.859;335.459.779;29.464;33.035;25.604;20.026;22.051;17.836;32.003;34.119;29.060
AT13;91800;91800;2015;20151231;845.913.810;489.008.123;356.905.687;37.155;44.290;30.437;24.347;28.392;20.539;39.921;44.511;34.299
AT13;91900;91900;2015;20151231;1.127.486.821;684.938.219;442.548.602;39.374;48.385;30.565;25.675;30.760;20.703;41.011;46.432;33.929
AT13;92000;92000;2015;20151231;1.014.698.733;583.602.294;431.096.439;25.734;27.588;23.587;17.912;18.936;16.725;27.672;28.428;26.564
AT13;92100;92100;2015;20151231;2.237.579.513;1.303.306.488;934.273.025;31.298;35.326;27.003;21.317;23.604;18.878;29.989;31.762;27.418
AT13;92200;92200;2015;20151231;2.929.204.396;1.714.871.721;1.214.332.675;34.096;39.588;28.511;22.973;26.104;19.790;31.590;33.803;28.392
AT13;92300;92300;2015;20151231;1.604.722.074;947.186.811;657.535.263;36.361;42.660;29.983;24.265;27.829;20.657;33.857;36.645;29.920
AT13;90100;90100;2016;20161231;368.792.254;241.340.270;127.451.984;54.483;72.366;37.115;34.748;44.494;25.284;58.783;70.302;44.708
AT13;90200;90200;2016;20161231;1.495.003.447;871.067.823;623.935.624;30.443;33.696;26.827;21.177;23.053;19.093;33.896;35.570;31.509
AT13;90300;90300;2016;20161231;1.542.300.401;889.765.421;652.534.980;35.715;40.995;30.380;24.267;27.273;21.230;38.270;41.265;34.426
AT13;90400;90400;2016;20161231;582.604.629;343.669.164;238.935.465;36.937;42.953;30.743;24.719;28.089;21.249;42.001;46.127;36.760
AT13;90500;90500;2016;20161231;788.211.699;445.705.061;342.506.637;28.151;30.328;25.747;19.794;21.035;18.422;32.602;33.865;30.883
AT13;90600;90600;2016;20161231;547.727.438;311.484.398;236.243.040;33.936;38.723;29.180;23.150;25.928;20.390;38.539;41.819;34.588
AT13;90700;90700;2016;20161231;599.490.835;336.102.474;263.388.361;36.086;41.255;31.111;24.327;27.280;21.484;40.836;43.910;37.218
AT13;90800;90800;2016;20161231;448.221.665;256.385.216;191.836.449;36.587;42.350;30.956;24.523;27.806;21.315;42.871;47.111;37.752
AT13;90900;90900;2016;20161231;747.242.565;422.920.880;324.321.685;35.085;40.313;30.010;23.720;26.709;20.819;40.489;44.031;36.351
AT13;91000;91000;2016;20161231;2.392.537.263;1.418.494.538;974.042.725;26.559;28.846;23.810;19.047;20.383;17.442;29.100;29.992;27.657
AT13;91100;91100;2016;20161231;1.384.722.558;819.136.446;565.586.112;28.523;31.726;24.884;20.374;22.312;18.174;29.482;30.656;27.598
AT13;91200;91200;2016;20161231;1.261.724.808;731.970.846;529.753.963;27.859;30.243;25.123;19.779;21.158;18.197;30.608;31.667;29.021
AT13;91300;91300;2016;20161231;991.310.957;594.979.873;396.331.084;44.214;54.277;34.587;29.402;35.210;23.846;44.573;49.856;37.665
AT13;91400;91400;2016;20161231;1.445.081.717;835.667.690;609.414.027;34.018;38.560;29.287;23.520;26.185;20.744;35.323;37.301;32.522
AT13;91500;91500;2016;20161231;957.895.597;554.382.613;403.512.985;24.316;25.737;22.602;17.528;18.326;16.565;28.837;29.654;27.620
AT13;91600;91600;2016;20161231;1.408.798.093;798.995.300;609.802.793;27.767;29.876;25.416;19.702;20.909;18.357;31.200;32.075;29.944
AT13;91700;91700;2016;20161231;835.552.002;485.568.842;349.983.160;30.058;33.529;26.283;20.935;22.878;18.823;34.227;36.029;31.642
AT13;91800;91800;2016;20161231;891.933.098;506.012.894;385.920.203;37.288;43.599;31.340;25.137;28.781;21.703;41.339;45.008;36.760
AT13;91900;91900;2016;20161231;1.168.996.083;712.356.495;456.639.588;39.850;48.842;30.959;26.607;31.756;21.515;43.744;49.122;36.530
AT13;92000;92000;2016;20161231;1.040.922.262;600.671.815;440.250.447;25.814;27.574;23.746;18.515;19.534;17.318;29.448;30.104;28.455
AT13;92100;92100;2016;20161231;2.342.805.861;1.360.165.168;982.640.693;31.823;35.770;27.605;22.330;24.649;19.853;32.042;33.674;29.641
AT13;92200;92200;2016;20161231;3.096.986.563;1.804.447.053;1.292.539.510;34.902;40.291;29.411;24.213;27.406;20.960;33.812;35.817;30.854
AT13;92300;92300;2016;20161231;1.680.387.664;993.033.849;687.353.816;36.760;42.820;30.521;25.257;28.796;21.612;35.917;38.601;32.007
AT13;90100;90100;2017;20171231;374.685.729;241.758.389;132.927.340;53.966;70.299;37.936;34.482;43.291;25.836;58.673;69.618;45.487
AT13;90200;90200;2017;20171231;1.542.204.995;898.772.031;643.432.963;31.073;34.272;27.490;21.527;23.329;19.507;34.509;36.173;32.110
AT13;90300;90300;2017;20171231;1.585.756.016;916.376.814;669.379.203;36.222;41.413;30.917;24.525;27.449;21.536;38.748;41.584;35.052
AT13;90400;90400;2017;20171231;602.583.308;356.034.796;246.548.512;37.908;43.879;31.682;25.325;28.646;21.863;43.009;47.189;37.648
AT13;90500;90500;2017;20171231;810.447.100;457.876.130;352.570.970;28.594;30.603;26.349;20.056;21.191;18.788;32.763;33.791;31.365
AT13;90600;90600;2017;20171231;562.366.581;319.022.414;243.344.166;34.628;39.139;30.083;23.570;26.170;20.951;39.167;42.143;35.490
AT13;90700;90700;2017;20171231;612.949.118;345.597.423;267.351.695;36.671;41.830;31.628;24.654;27.563;21.812;41.149;44.324;37.367
AT13;90800;90800;2017;20171231;456.715.456;261.012.957;195.702.499;36.534;42.126;31.039;24.464;27.658;21.325;42.497;46.203;37.940
AT13;90900;90900;2017;20171231;773.376.670;437.503.673;335.872.996;35.735;40.831;30.738;24.091;26.974;21.263;41.214;44.689;37.079
AT13;91000;91000;2017;20171231;2.485.426.296;1.484.831.660;1.000.594.636;26.693;28.983;23.891;19.122;20.464;17.481;29.356;30.157;28.008
AT13;91100;91100;2017;20171231;1.420.131.904;842.283.149;577.848.755;28.864;32.078;25.185;20.568;22.493;18.365;29.771;30.924;27.889
AT13;91200;91200;2017;20171231;1.326.378.825;772.076.235;554.302.590;28.354;30.761;25.566;20.083;21.449;18.502;31.107;31.947;29.824
AT13;91300;91300;2017;20171231;1.010.214.501;606.185.276;404.029.225;44.389;54.191;34.914;29.357;34.920;23.979;44.721;50.016;37.699
AT13;91400;91400;2017;20171231;1.484.557.202;856.896.776;627.660.426;34.368;38.747;29.774;23.726;26.262;21.066;35.699;37.635;32.944
AT13;91500;91500;2017;20171231;989.361.890;574.077.853;415.284.037;24.907;26.416;23.084;17.893;18.729;16.884;29.239;29.888;28.250
AT13;91600;91600;2017;20171231;1.434.672.484;818.891.429;615.781.055;28.041;30.135;25.668;19.860;21.056;18.505;31.464;32.349;30.161
AT13;91700;91700;2017;20171231;853.969.118;494.250.923;359.718.195;30.232;33.518;26.644;21.091;22.962;19.047;34.540;36.242;32.064
AT13;91800;91800;2017;20171231;925.462.781;528.574.140;396.888.641;38.085;44.741;31.787;25.560;29.294;22.026;42.047;45.869;37.289
AT13;91900;91900;2017;20171231;1.197.284.513;723.737.094;473.547.419;40.192;48.951;31.561;26.728;31.641;21.886;43.836;48.690;37.241
AT13;92000;92000;2017;20171231;1.070.797.431;620.585.519;450.211.913;26.200;27.938;24.131;18.738;19.742;17.544;29.820;30.380;28.950
AT13;92100;92100;2017;20171231;2.406.076.668;1.395.608.963;1.010.467.704;31.880;35.723;27.757;22.338;24.588;19.923;32.220;33.776;29.890
AT13;92200;92200;2017;20171231;3.189.345.782;1.862.510.651;1.326.835.132;35.319;40.784;29.728;24.427;27.641;21.140;34.228;36.265;31.184
AT13;92300;92300;2017;20171231;1.741.560.561;1.026.125.521;715.435.040;36.710;42.642;30.604;25.209;28.658;21.658;35.950;38.424;32.304
AT13;90100;90100;2018;20181231;434.332.972;282.233.749;152.099.223;40.817;48.745;31.354;26.480;30.634;21.522;52.588;59.404;43.085
AT13;90200;90200;2018;20181231;1.598.988.564;929.577.431;669.411.133;33.189;36.904;29.119;22.904;25.051;20.552;35.075;36.686;32.714
AT13;90300;90300;2018;20181231;1.714.777.128;991.056.658;723.720.470;35.649;39.976;31.046;24.172;26.577;21.614;38.579;40.882;35.488
AT13;90400;90400;2018;20181231;626.165.933;370.438.378;255.727.556;38.873;45.115;32.383;25.878;29.397;22.219;43.797;48.224;38.123
AT13;90500;90500;2018;20181231;879.938.182;501.225.531;378.712.650;29.306;31.681;26.661;20.479;21.832;18.972;33.577;34.846;31.823
AT13;90600;90600;2018;20181231;578.476.593;329.644.974;248.831.619;35.405;40.215;30.561;23.971;26.700;21.223;40.104;43.040;36.439
AT13;90700;90700;2018;20181231;647.777.825;362.267.570;285.510.256;37.403;42.400;32.537;25.100;27.920;22.355;41.540;44.190;38.324
AT13;90800;90800;2018;20181231;474.457.169;271.667.552;202.789.616;37.745;43.245;32.250;25.142;28.198;22.088;44.089;47.844;39.398
AT13;90900;90900;2018;20181231;796.474.869;444.626.127;351.848.742;36.738;41.710;31.928;24.701;27.464;22.029;41.763;44.816;38.129
AT13;91000;91000;2018;20181231;2.655.015.818;1.599.995.505;1.055.020.313;27.246;29.473;24.446;19.478;20.761;17.864;29.692;30.407;28.449
AT13;91100;91100;2018;20181231;1.450.566.450;860.121.904;590.444.546;30.472;34.008;26.464;21.606;23.712;19.220;30.315;31.435;28.457
AT13;91200;91200;2018;20181231;1.418.638.399;831.409.361;587.229.038;29.052;31.597;26.078;20.537;22.004;18.823;31.530;32.454;30.072
AT13;91300;91300;2018;20181231;1.024.963.243;611.910.860;413.052.383;44.674;53.724;35.753;29.575;34.726;24.497;44.737;49.167;38.613
AT13;91400;91400;2018;20181231;1.568.910.618;907.031.592;661.879.026;34.498;38.460;30.231;23.755;26.011;21.325;35.812;37.620;33.196
AT13;91500;91500;2018;20181231;1.037.549.838;605.562.225;431.987.613;25.899;27.454;23.994;18.528;19.391;17.471;29.733;30.321;28.803
AT13;91600;91600;2018;20181231;1.469.366.314;843.656.616;625.709.699;30.044;32.345;27.415;21.168;22.486;19.662;32.239;33.058;30.994
AT13;91700;91700;2018;20181231;878.971.265;511.304.077;367.667.188;32.378;36.317;28.135;22.386;24.568;20.035;35.278;37.077;32.668
AT13;91800;91800;2018;20181231;927.005.752;528.587.962;398.417.790;40.059;46.990;33.503;26.770;30.714;23.040;42.676;46.605;37.756
AT13;91900;91900;2018;20181231;1.214.922.270;736.330.108;478.592.163;42.260;51.716;32.981;28.004;33.340;22.768;44.448;49.618;37.464
AT13;92000;92000;2018;20181231;1.186.891.513;694.654.889;492.236.624;26.130;27.775;24.114;18.674;19.619;17.515;30.100;30.463;29.507
AT13;92100;92100;2018;20181231;2.484.694.748;1.443.542.073;1.041.152.675;33.274;37.331;28.917;23.220;25.578;20.686;32.917;34.416;30.640
AT13;92200;92200;2018;20181231;3.280.061.782;1.910.251.055;1.369.810.727;36.753;42.466;30.947;25.323;28.659;21.932;34.911;36.947;31.847
AT13;92300;92300;2018;20181231;1.804.726.568;1.059.878.550;744.848.019;38.125;44.441;31.712;26.063;29.719;22.350;36.394;38.796;32.805
AT13;90100;90100;2019;20191231;364.308.802;229.261.459;135.047.343;53.964;67.869;40.038;34.567;42.152;26.971;59.348;68.651;47.823
AT13;90200;90200;2019;20191231;1.732.909.343;1.008.817.803;724.091.540;33.670;37.051;29.873;23.175;25.086;21.029;36.396;37.890;34.194
AT13;90300;90300;2019;20191231;1.744.112.940;1.001.806.724;742.306.216;38.069;42.847;33.088;25.751;28.480;22.908;40.047;42.464;36.806
AT13;90400;90400;2019;20191231;645.322.628;381.286.568;264.036.060;40.169;46.430;33.622;26.785;30.338;23.071;45.181;49.114;39.898
AT13;90500;90500;2019;20191231;886.556.934;501.156.832;385.400.102;30.795;33.224;28.121;21.465;22.866;19.923;34.586;35.701;33.029
AT13;90600;90600;2019;20191231;602.307.147;341.789.975;260.517.171;36.597;41.071;32.020;24.769;27.335;22.143;40.932;43.585;37.517
AT13;90700;90700;2019;20191231;660.057.869;375.751.817;284.306.053;39.247;45.425;33.268;26.215;29.705;22.837;43.360;46.854;39.079
AT13;90800;90800;2019;20191231;490.163.741;283.641.649;206.522.092;39.226;45.144;33.240;26.150;29.513;22.750;45.222;49.361;40.087
AT13;90900;90900;2019;20191231;840.724.789;470.902.285;369.822.504;38.059;43.546;32.797;25.560;28.681;22.567;43.070;46.369;39.144
AT13;91000;91000;2019;20191231;2.809.523.160;1.699.657.710;1.109.865.450;28.273;30.679;25.241;20.212;21.625;18.431;30.599;31.322;29.307
AT13;91100;91100;2019;20191231;1.559.434.721;929.156.184;630.278.536;30.407;33.764;26.520;21.649;23.652;19.330;31.044;32.103;29.224
AT13;91200;91200;2019;20191231;1.446.608.142;848.042.257;598.565.885;30.046;32.509;27.132;21.217;22.645;19.529;32.213;32.948;31.027
AT13;91300;91300;2019;20191231;1.072.746.196;640.937.621;431.808.576;46.039;54.903;37.138;30.509;35.581;25.415;46.339;50.744;40.183
AT13;91400;91400;2019;20191231;1.624.433.280;939.347.288;685.085.993;36.256;40.498;31.704;24.946;27.382;22.331;37.050;38.730;34.567
AT13;91500;91500;2019;20191231;1.088.746.210;633.806.032;454.940.178;26.825;28.445;24.853;19.167;20.089;18.045;30.580;31.120;29.718
AT13;91600;91600;2019;20191231;1.559.557.661;898.255.198;661.302.463;29.909;32.031;27.440;21.109;22.320;19.699;32.750;33.440;31.689
AT13;91700;91700;2019;20191231;917.001.871;531.919.657;385.082.214;32.099;35.537;28.315;22.270;24.212;20.134;35.954;37.431;33.707
AT13;91800;91800;2019;20191231;993.501.812;567.148.032;426.353.780;40.303;46.845;33.989;27.015;30.751;23.409;43.973;47.775;39.072
AT13;91900;91900;2019;20191231;1.320.953.519;797.296.225;523.657.294;41.979;50.583;33.343;27.938;32.800;23.059;45.098;49.796;38.570
AT13;92000;92000;2019;20191231;1.166.156.208;682.783.126;483.373.082;27.852;29.690;25.612;19.848;20.918;18.545;31.176;31.675;30.361
AT13;92100;92100;2019;20191231;2.667.679.121;1.559.575.430;1.108.103.691;33.456;37.429;29.108;23.404;25.735;20.853;33.681;35.123;31.433
AT13;92200;92200;2019;20191231;3.535.702.890;2.067.198.653;1.468.504.238;36.823;42.313;31.137;25.446;28.665;22.112;35.750;37.766;32.676
AT13;92300;92300;2019;20191231;1.973.022.702;1.163.104.867;809.917.835;37.950;43.929;31.745;26.088;29.603;22.440;36.901;39.193;33.377
AT13;90100;90100;2020;20201231;342.108.409;211.605.014;130.503.395;56.640;69.676;43.458;36.561;43.810;29.229;60.871;69.613;50.090
AT13;90200;90200;2020;20201231;1.752.300.053;1.011.817.060;740.482.994;34.850;38.110;31.203;24.142;25.973;22.094;37.621;39.055;35.519
AT13;90300;90300;2020;20201231;1.788.351.447;1.027.517.328;760.834.118;39.157;43.902;34.170;26.665;29.359;23.833;40.894;43.499;37.418
AT13;90400;90400;2020;20201231;650.808.337;386.962.838;263.845.499;42.113;48.970;34.937;28.103;31.900;24.130;46.192;50.322;40.675
AT13;90500;90500;2020;20201231;874.782.840;497.077.247;377.705.593;31.889;34.274;29.214;22.383;23.773;20.824;36.028;37.171;34.420
AT13;90600;90600;2020;20201231;597.005.988;335.830.780;261.175.207;37.685;42.216;33.115;25.673;28.272;23.052;42.137;44.938;38.660
AT13;90700;90700;2020;20201231;657.821.229;371.837.263;285.983.966;40.611;46.248;35.056;27.222;30.327;24.162;44.027;47.226;40.094
AT13;90800;90800;2020;20201231;480.956.658;274.990.301;205.966.356;40.859;46.420;35.226;27.406;30.475;24.296;45.897;49.440;41.491
AT13;90900;90900;2020;20201231;848.258.258;470.903.158;377.355.100;39.724;45.171;34.528;26.810;29.936;23.829;44.177;47.390;40.360
AT13;91000;91000;2020;20201231;2.853.819.857;1.719.687.637;1.134.132.220;28.891;31.004;26.186;20.811;22.029;19.252;31.489;32.184;30.260
AT13;91100;91100;2020;20201231;1.549.353.815;917.803.590;631.550.225;30.886;33.885;27.367;22.179;23.964;20.083;31.792;32.787;30.087
AT13;91200;91200;2020;20201231;1.447.763.021;849.918.843;597.844.178;30.962;33.307;28.146;22.018;23.363;20.403;33.379;34.177;32.077
AT13;91300;91300;2020;20201231;1.072.414.208;637.449.860;434.964.347;47.131;55.858;38.350;31.457;36.451;26.431;47.727;51.932;41.832
AT13;91400;91400;2020;20201231;1.629.058.630;937.086.669;691.971.961;37.285;41.294;32.953;25.816;28.114;23.334;38.298;39.972;35.836
AT13;91500;91500;2020;20201231;1.089.929.763;633.005.712;456.924.051;27.888;29.329;26.111;20.042;20.842;19.055;31.829;32.327;31.033
AT13;91600;91600;2020;20201231;1.555.744.213;891.873.220;663.870.993;30.799;32.637;28.632;21.877;22.914;20.653;34.016;34.635;33.055
AT13;91700;91700;2020;20201231;915.989.765;527.342.121;388.647.644;33.268;36.241;29.935;23.266;24.931;21.400;37.208;38.430;35.325
AT13;91800;91800;2020;20201231;999.742.654;572.716.698;427.025.956;41.642;48.688;34.873;28.004;32.011;24.154;45.059;48.802;40.192
AT13;91900;91900;2020;20201231;1.346.942.000;809.801.635;537.140.366;43.712;52.394;34.975;29.195;34.102;24.257;46.703;51.164;40.436
AT13;92000;92000;2020;20201231;1.154.657.420;674.661.064;479.996.356;28.828;30.433;26.838;20.671;21.591;19.531;32.306;32.681;31.688
AT13;92100;92100;2020;20201231;2.737.249.830;1.590.982.167;1.146.267.663;34.056;37.700;30.027;24.061;26.202;21.693;34.462;35.744;32.441
AT13;92200;92200;2020;20201231;3.617.348.151;2.103.461.664;1.513.886.487;37.719;42.891;32.306;26.272;29.302;23.100;36.763;38.681;33.810
AT13;92300;92300;2020;20201231;1.999.254.427;1.176.280.098;822.974.329;38.845;44.458;32.906;26.900;30.160;23.451;37.997;40.137;34.674
